{"count":1,"self":14515.32288,"total":29432.180771,"children":{"InitializeActuators":{"count":1024,"self":0.0285914,"total":0.0285914,"children":null},"InitializeSensors":{"count":1024,"self":0.0041678999999999996,"total":0.0041678999999999996,"children":null},"AgentSendState":{"count":230284,"self":63.624646399999996,"total":1753.2706142,"children":{"CollectObservations":{"count":47162368,"self":1511.0484992,"total":1511.0485282,"children":null},"WriteActionMask":{"count":47162368,"self":11.5912288,"total":11.591228899999999,"children":null},"RequestDecision":{"count":47162368,"self":40.500032,"total":167.0062127,"children":{"AgentInfo.ToProto":{"count":47162368,"self":22.138464,"total":126.50617969999999,"children":{"GenerateSensorData":{"count":47162368,"self":104.3677184,"total":104.36771569999999,"children":null}}}}}}},"DecideAction":{"count":230284,"self":10824.306687999999,"total":10824.306341599999,"children":null},"AgentAct":{"count":230284,"self":2337.8634752,"total":2339.2479869,"children":{"AgentInfo.ToProto":{"count":125519,"self":0.46926179999999995,"total":1.3844895,"children":{"GenerateSensorData":{"count":125519,"self":0.9152277,"total":0.9152277,"children":null}}}}}},"gauges":{"KukaAssemble.CumulativeReward":{"count":125519,"max":220.516342,"min":-22.1862965,"runningAverage":92.35174,"value":-18.3881779,"weightedAverage":-18.21039}},"metadata":{"timer_format_version":"0.1.0","start_time_seconds":"1776698486","unity_version":"6000.0.40f1","command_line_arguments":"E:\/Unity-6000.0.40f1\/Editor\/Unity.exe -projectpath E:\\unity-projects\\kuka-assemble -acceptSoftwareTermsForThisRunOnly -useHub -hubIPC -cloudEnvironment production","communication_protocol_version":"1.5.0","com.unity.ml-agents_version":"4.0.0","scene_name":"train","end_time_seconds":"1776727918"}}